vendorid,deviceid,description,chip,arch,support,min_branch,max_branch,notes
10de,2785,NVIDIA AC AD104 20GB,AD104,ada,none,,,
10de,28e1,NVIDIA GeForce RTX 4050 Laptop GPU,AD107,ada,none,,,
10de,28a1,NVIDIA GeForce RTX 4050 Laptop GPU,AD107,ada,none,,,
10de,2808,NVIDIA GeForce RTX 4060,AD106,ada,none,,,
10de,2882,NVIDIA GeForce RTX 4060,AD107,ada,none,,,
10de,28e0,NVIDIA GeForce RTX 4060 Laptop GPU,AD107,ada,none,,,
10de,28a0,NVIDIA GeForce RTX 4060 Laptop GPU,AD107,ada,none,,,
10de,2788,NVIDIA GeForce RTX 4060 Ti,AD104,ada,none,,,
10de,2803,NVIDIA GeForce RTX 4060 Ti,AD106,ada,none,,,
10de,2805,NVIDIA GeForce RTX 4060 Ti 16GB,AD106,ada,none,,,
10de,2786,NVIDIA GeForce RTX 4070,AD104,ada,none,,,
10de,2709,NVIDIA GeForce RTX 4070,AD103,ada,none,,,
10de,2860,NVIDIA GeForce RTX 4070 Laptop GPU,AD106,ada,none,,,
10de,2820,NVIDIA GeForce RTX 4070 Laptop GPU,AD106,ada,none,,,
10de,2783,NVIDIA GeForce RTX 4070 SUPER,AD104,ada,none,,,
10de,2782,NVIDIA GeForce RTX 4070 Ti,AD104,ada,none,,,
10de,2705,NVIDIA GeForce RTX 4070 Ti SUPER,AD103,ada,none,,,
10de,2704,NVIDIA GeForce RTX 4080,AD103,ada,none,,,
10de,27e0,NVIDIA GeForce RTX 4080 Laptop GPU,AD104,ada,none,,,
10de,27a0,NVIDIA GeForce RTX 4080 Laptop GPU,AD104,ada,none,,,
10de,2702,NVIDIA GeForce RTX 4080 SUPER,AD103,ada,none,,,
10de,2703,NVIDIA GeForce RTX 4080 SUPER,AD103,ada,none,,,
10de,2684,NVIDIA GeForce RTX 4090,AD102,ada,none,,,
10de,2685,NVIDIA GeForce RTX 4090 D,AD102,ada,none,,,
10de,2757,NVIDIA GeForce RTX 4090 Laptop GPU,AD103,ada,none,,,
10de,2717,NVIDIA GeForce RTX 4090 Laptop GPU,AD103,ada,none,,,
10de,27b7,NVIDIA L16,AD104,ada,none,,,
10de,27b6,NVIDIA L2,AD104,ada,native,16,17,
10de,26b7,NVIDIA L20,AD102,ada,native,16,17,
10de,26ba,NVIDIA L20 / L20A,AD102,ada,none,,,
10de,27b8,NVIDIA L4,AD104,ada,native,15,17,
10de,26b5,NVIDIA L40,AD102,ada,native,15,17,
10de,26f5,NVIDIA L40 CNX,AD102,ada,none,,,
10de,26b8,NVIDIA L40G,AD102,ada,none,,,
10de,26b9,NVIDIA L40S,AD102,ada,native,16,17,
10de,28b9,NVIDIA RTX 1000 Ada Generation Laptop GPU,AD107,ada,none,,,
10de,28b0,NVIDIA RTX 2000 Ada Generation,AD107,ada,unlock,15,17,
10de,28f8,NVIDIA RTX 2000 Ada Generation Embedded GPU,AD107,ada,none,,,
10de,28b8,NVIDIA RTX 2000 Ada Generation Laptop GPU,AD107,ada,unlock,15,17,
10de,2878,NVIDIA RTX 3000 Ada Generation Embedded GPU,AD106,ada,none,,,
10de,2838,NVIDIA RTX 3000 Ada Generation Laptop GPU,AD106,ada,none,,,
10de,27fb,NVIDIA RTX 3500 Ada Generation Embedded GPU,AD104,ada,none,,,
10de,27bb,NVIDIA RTX 3500 Ada Generation Laptop GPU,AD104,ada,none,,,
10de,27b2,NVIDIA RTX 4000 Ada Generation,AD104,ada,none,,,
10de,27fa,NVIDIA RTX 4000 Ada Generation Embedded GPU,AD104,ada,none,,,
10de,27ba,NVIDIA RTX 4000 Ada Generation Laptop GPU,AD104,ada,none,,,
10de,27b0,NVIDIA RTX 4000 SFF Ada Generation,AD104,ada,none,,,
10de,27b1,NVIDIA RTX 4500 Ada Generation,AD104,ada,none,,,
10de,28bb,NVIDIA RTX 500 Ada Generation Laptop GPU,AD107,ada,none,,,
10de,28ba,NVIDIA RTX 500 Ada Generation Laptop GPU,AD107,ada,none,,,
10de,26b2,NVIDIA RTX 5000 Ada Generation,AD102,ada,native,16,17,
10de,2770,NVIDIA RTX 5000 Ada Generation Embedded GPU,AD103,ada,none,,,
10de,2730,NVIDIA RTX 5000 Ada Generation Laptop GPU,AD103,ada,none,,,
10de,26b3,NVIDIA RTX 5880 Ada Generation,AD102,ada,native,17,17,
10de,26b1,NVIDIA RTX 6000 Ada Generation,AD102,ada,native,15,17,
10de,2681,NVIDIA RTX TITAN Ada,AD102,ada,none,,,
10de,2236,NVIDIA A10,GA102,ampere,native,12,17,
10de,20b5,NVIDIA A100 80GB PCIe / GRID A100D,GA100,ampere,native,13,15,
10de,20b1,NVIDIA A100-PCIE-40GB,GA100,ampere,native,11,15,
10de,20f1,NVIDIA A100-PCIE-40GB,GA100,ampere,none,,,
10de,20f0,NVIDIA A100-PG506-207,GA100,ampere,none,,,
10de,20f2,NVIDIA A100-PG506-217,GA100,ampere,none,,,
10de,20b3,NVIDIA A100-SXM-64GB,GA100,ampere,none,,,
10de,20b2,NVIDIA A100-SXM4-80GB / GRID A100DX / PG509-210,GA100,ampere,none,,,
10de,2237,NVIDIA A10G,GA102,ampere,none,,,
10de,2238,NVIDIA A10M,GA102,ampere,none,,,
10de,25b6,NVIDIA A2 / A16,GA107,ampere,native,13,17,
10de,20b7,NVIDIA A30 24GB,GA100,ampere,native,13,15,
10de,20b9,NVIDIA A30X,GA100,ampere,native,14,15,
10de,25b5,NVIDIA A4,GA107,ampere,none,,,
10de,2235,NVIDIA A40,GA102,ampere,native,12,17,
10de,20f6,NVIDIA A800 40GB PCIe,GA100,ampere,none,,,
10de,20f5,NVIDIA A800 80GB PCIe,GA100,ampere,native,15,15,
10de,20bd,NVIDIA A800 SXM4 40GB,GA100,ampere,none,,,
10de,20f3,NVIDIA A800-SXM4-80GB,GA100,ampere,none,,,
10de,20fd,NVIDIA AX800 Converged Accelerator,GA100,ampere,none,,,
10de,2082,NVIDIA CMP 170HX,GA100,ampere,none,,,
10de,20c2,NVIDIA CMP 170HX,GA100,ampere,none,,,
10de,248a,NVIDIA CMP 70HX,GA104,ampere,none,,,
10de,220d,NVIDIA CMP 90HX,GA102,ampere,none,,,
10de,20bb,NVIDIA DRIVE A100-PROD,GA100,ampere,none,,,
10de,20b4,NVIDIA GA100,GA100,ampere,none,,,
10de,2081,NVIDIA GA100,GA100,ampere,none,,,
10de,2080,NVIDIA GA100,GA100,ampere,none,,,
10de,20ff,NVIDIA GA100,GA100,ampere,none,,,
10de,2200,NVIDIA GA102,GA102,ampere,none,,,
10de,223f,NVIDIA GA102GL,GA102,ampere,none,,,
10de,2483,NVIDIA GA104,GA104,ampere,none,,,
10de,249f,NVIDIA GA104M,GA104,ampere,none,,,
10de,24df,NVIDIA GA104M,GA104,ampere,none,,,
10de,24a4,NVIDIA GA104M,GA104,ampere,none,,,
10de,2505,NVIDIA GA106,GA106,ampere,none,,,
10de,20be,NVIDIA GRID A100A,GA100,ampere,none,,,
10de,20bf,NVIDIA GRID A100B,GA100,ampere,none,,,
10de,20b0,NVIDIA GRID A100X / A100-PG509-200 / A100-SXM4-40GB,GA100,ampere,none,,,
10de,20b8,NVIDIA GRID A100X Converged Accelerator,GA100,ampere,none,,,
10de,25a6,NVIDIA GeForce MX570,GA107,ampere,none,,,
10de,25a7,NVIDIA GeForce MX570 / RTX 2050,GA107,ampere,unlock,16,17,
10de,25aa,NVIDIA GeForce MX570 A,GA107,ampere,none,,,
10de,25ed,NVIDIA GeForce RTX 2050,GA107,ampere,unlock,16,17,
10de,25ad,NVIDIA GeForce RTX 2050,GA107,ampere,unlock,16,17,
10de,25a9,NVIDIA GeForce RTX 2050,GA107,ampere,unlock,16,17,
10de,2507,NVIDIA GeForce RTX 3050,GA106,ampere,none,,,
10de,2583,NVIDIA GeForce RTX 3050 4GB,GA107,ampere,none,,,
10de,25ab,NVIDIA GeForce RTX 3050 4GB Laptop GPU,GA107,ampere,none,,,
10de,2584,NVIDIA GeForce RTX 3050 6GB,GA107,ampere,none,,,
10de,25ec,NVIDIA GeForce RTX 3050 6GB Laptop GPU,GA107,ampere,none,,,
10de,25ac,NVIDIA GeForce RTX 3050 6GB Laptop GPU,GA107,ampere,none,,,
10de,2582,NVIDIA GeForce RTX 3050 8GB,GA107,ampere,none,,,
10de,25af,NVIDIA GeForce RTX 3050 Engineering Sample,GA107,ampere,none,,,
10de,25e2,NVIDIA GeForce RTX 3050 Laptop GPU,GA107,ampere,none,,,
10de,25e5,NVIDIA GeForce RTX 3050 Laptop GPU,GA107,ampere,none,,,
10de,25a5,NVIDIA GeForce RTX 3050 Laptop GPU,GA107,ampere,none,,,
10de,25a2,NVIDIA GeForce RTX 3050 Laptop GPU,GA107,ampere,none,,,
10de,2508,NVIDIA GeForce RTX 3050 OEM,GA106,ampere,none,,,
10de,25e0,NVIDIA GeForce RTX 3050 Ti Laptop GPU,GA107,ampere,none,,,
10de,2523,NVIDIA GeForce RTX 3050 Ti Laptop GPU,GA106,ampere,none,,,
10de,2563,NVIDIA GeForce RTX 3050 Ti Laptop GPU,GA106,ampere,none,,,
10de,25a0,NVIDIA GeForce RTX 3050 Ti Laptop GPU,GA107,ampere,none,,,
10de,2501,NVIDIA GeForce RTX 3060,GA106,ampere,none,,,
10de,2503,NVIDIA GeForce RTX 3060,GA106,ampere,none,,,
10de,2487,NVIDIA GeForce RTX 3060,GA104,ampere,none,,,
10de,2544,NVIDIA GeForce RTX 3060,GA106,ampere,none,,,
10de,2504,NVIDIA GeForce RTX 3060 (LHR),GA106,ampere,none,,,
10de,2509,NVIDIA GeForce RTX 3060 12GB Rev. 2,GA106,ampere,none,,,
10de,24c7,NVIDIA GeForce RTX 3060 8GB,GA104,ampere,none,,,
10de,252f,NVIDIA GeForce RTX 3060 Engineering Sample,GA106,ampere,none,,,
10de,24ad,NVIDIA GeForce RTX 3060 Engineering Sample,GA104,ampere,none,,,
10de,2520,NVIDIA GeForce RTX 3060 Laptop GPU,GA106,ampere,none,,,
10de,2521,NVIDIA GeForce RTX 3060 Laptop GPU,GA106,ampere,none,,,
10de,2560,NVIDIA GeForce RTX 3060 Laptop GPU,GA106,ampere,none,,,
10de,2561,NVIDIA GeForce RTX 3060 Laptop GPU,GA106,ampere,none,,,
10de,248e,NVIDIA GeForce RTX 3060 Ti,GA104,ampere,none,,,
10de,2486,NVIDIA GeForce RTX 3060 Ti,GA104,ampere,none,,,
10de,2414,NVIDIA GeForce RTX 3060 Ti,GA103,ampere,none,,,
10de,2489,NVIDIA GeForce RTX 3060 Ti (LHR),GA104,ampere,none,,,
10de,24c9,NVIDIA GeForce RTX 3060 Ti GDDR6X,GA104,ampere,none,,,
10de,248d,NVIDIA GeForce RTX 3070,GA104,ampere,none,,,
10de,2484,NVIDIA GeForce RTX 3070,GA104,ampere,none,,,
10de,2488,NVIDIA GeForce RTX 3070 (LHR),GA104,ampere,none,,,
10de,24af,NVIDIA GeForce RTX 3070 Engineering Sample,GA104,ampere,none,,,
10de,24bf,NVIDIA GeForce RTX 3070 Engineering Sample,GA104,ampere,none,,,
10de,24c8,NVIDIA GeForce RTX 3070 GDDR6X,GA104,ampere,none,,,
10de,249d,NVIDIA GeForce RTX 3070 Laptop GPU,GA104,ampere,none,,,
10de,24dd,NVIDIA GeForce RTX 3070 Laptop GPU,GA104,ampere,none,,,
10de,2207,NVIDIA GeForce RTX 3070 Ti,GA102,ampere,none,,,
10de,248c,NVIDIA GeForce RTX 3070 Ti,GA104,ampere,none,,,
10de,2482,NVIDIA GeForce RTX 3070 Ti,GA104,ampere,none,,,
10de,2206,NVIDIA GeForce RTX 3080,GA102,ampere,none,,,
10de,2216,NVIDIA GeForce RTX 3080 (LHR),GA102,ampere,none,,,
10de,222f,NVIDIA GeForce RTX 3080 11GB / 12GB Engineering Sample,GA102,ampere,none,,,
10de,220a,NVIDIA GeForce RTX 3080 12 GB,GA102,ampere,none,,,
10de,249c,NVIDIA GeForce RTX 3080 Laptop GPU,GA104,ampere,none,,,
10de,24dc,NVIDIA GeForce RTX 3080 Laptop GPU,GA104,ampere,none,,,
10de,2205,NVIDIA GeForce RTX 3080 Ti,GA102,ampere,none,,,
10de,2208,NVIDIA GeForce RTX 3080 Ti,GA102,ampere,none,,,
10de,2204,NVIDIA GeForce RTX 3090,GA102,ampere,none,,,
10de,2203,NVIDIA GeForce RTX 3090 Ti,GA102,ampere,none,,,
10de,222b,NVIDIA GeForce RTX 3090 Ti Engineering Sample,GA102,ampere,none,,,
10de,24ac,NVIDIA GeForce RTX 30x0 Engineering Sample,GA104,ampere,none,,,
10de,24a0,NVIDIA Geforce RTX 3070 Ti Laptop GPU,GA104,ampere,none,,,
10de,24e0,NVIDIA Geforce RTX 3070 Ti Laptop GPU,GA104,ampere,none,,,
10de,2420,NVIDIA Geforce RTX 3080 Ti Laptop GPU,GA103,ampere,none,,,
10de,2460,NVIDIA Geforce RTX 3080 Ti Laptop GPU,GA103,ampere,none,,,
10de,2500,NVIDIA Graphics DEVICE,GA106,ampere,none,,,
10de,222e,NVIDIA Graphics Device,GA102,ampere,none,,,
10de,252e,NVIDIA Graphics Device,GA106,ampere,none,,,
10de,243e,NVIDIA Graphics Device,GA103,ampere,none,,,
10de,243f,NVIDIA Graphics Device,GA103,ampere,none,,,
10de,20bc,NVIDIA Graphics Device,GA100,ampere,none,,,
10de,20ba,NVIDIA Graphics Device,GA100,ampere,none,,,
10de,2404,NVIDIA Graphics Device,GA103,ampere,none,,,
10de,2402,NVIDIA Graphics Device,GA103,ampere,none,,,
10de,2209,NVIDIA Graphics Device,GA102,ampere,none,,,
10de,2272,NVIDIA Graphics Device,GA102,ampere,none,,,
10de,2273,NVIDIA Graphics Device,GA102,ampere,none,,,
10de,2270,NVIDIA Graphics Device,GA102,ampere,none,,,
10de,2271,NVIDIA Graphics Device,GA102,ampere,none,,,
10de,2278,NVIDIA Graphics Device,GA102,ampere,none,,,
10de,25c1,NVIDIA Graphics Device,GA107,ampere,none,,,
10de,25c3,NVIDIA Graphics Device,GA107,ampere,none,,,
10de,25c2,NVIDIA Graphics Device,GA107,ampere,none,,,
10de,220c,NVIDIA Graphics Device,GA102,ampere,none,,,
10de,2454,NVIDIA Graphics Device,GA103,ampere,none,,,
10de,2083,NVIDIA Graphics Device,GA100,ampere,none,,,
10de,250a,NVIDIA Graphics Device,GA106,ampere,none,,,
10de,24f1,NVIDIA Graphics Device,GA104,ampere,none,,,
10de,24f0,NVIDIA Graphics Device,GA104,ampere,none,,,
10de,253e,NVIDIA Graphics Device,GA106,ampere,none,,,
10de,253f,NVIDIA Graphics Device,GA106,ampere,none,,,
10de,24ae,NVIDIA Graphics Device,GA104,ampere,none,,,
10de,2254,NVIDIA Graphics Device,GA102,ampere,none,,,
10de,2256,NVIDIA Graphics Device,GA102,ampere,none,,,
10de,2257,NVIDIA Graphics Device,GA102,ampere,none,,,
10de,2580,NVIDIA Graphics Device,GA107,ampere,none,,,
10de,2581,NVIDIA Graphics Device,GA107,ampere,none,,,
10de,2485,NVIDIA Graphics Device,GA104,ampere,none,,,
10de,25ae,NVIDIA Graphics Device,GA107,ampere,none,,,
10de,24cd,NVIDIA Graphics Device,GA104,ampere,none,,,
10de,24ce,NVIDIA Graphics Device,GA104,ampere,none,,,
10de,24ca,NVIDIA Graphics Device,GA104,ampere,none,,,
10de,242f,NVIDIA Graphics Device,GA103,ampere,none,,,
10de,242e,NVIDIA Graphics Device,GA103,ampere,none,,,
10de,24c4,NVIDIA Graphics Device,GA104,ampere,none,,,
10de,24c5,NVIDIA Graphics Device,GA104,ampere,none,,,
10de,24c6,NVIDIA Graphics Device,GA104,ampere,none,,,
10de,24c2,NVIDIA Graphics Device,GA104,ampere,none,,,
10de,25a4,NVIDIA Graphics Device,GA107,ampere,none,,,
10de,25a3,NVIDIA Graphics Device,GA107,ampere,none,,,
10de,2540,NVIDIA Graphics Device,GA106,ampere,none,,,
10de,2541,NVIDIA Graphics Device,GA106,ampere,none,,,
10de,2543,NVIDIA Graphics Device,GA106,ampere,none,,,
10de,2545,NVIDIA Graphics Device,GA106,ampere,none,,,
10de,2547,NVIDIA Graphics Device,GA106,ampere,none,,,
10de,226b,NVIDIA Graphics Device,GA102,ampere,none,,,
10de,2548,NVIDIA Graphics Device,GA106,ampere,none,,,
10de,2549,NVIDIA Graphics Device,GA106,ampere,none,,,
10de,2442,NVIDIA Graphics Device,GA103,ampere,none,,,
10de,2444,NVIDIA Graphics Device,GA103,ampere,none,,,
10de,223e,NVIDIA Graphics Device,GA102,ampere,none,,,
10de,223c,NVIDIA Graphics Device,GA102,ampere,none,,,
10de,24ec,NVIDIA Graphics Device,GA104,ampere,none,,,
10de,20f7,NVIDIA Graphics Device,GA100,ampere,none,,,
10de,224d,NVIDIA Graphics Device,GA102,ampere,none,,,
10de,224c,NVIDIA Graphics Device,GA102,ampere,none,,,
10de,224a,NVIDIA Graphics Device,GA102,ampere,none,,,
10de,2249,NVIDIA Graphics Device,GA102,ampere,none,,,
10de,2248,NVIDIA Graphics Device,GA102,ampere,none,,,
10de,2246,NVIDIA Graphics Device,GA102,ampere,none,,,
10de,2244,NVIDIA Graphics Device,GA102,ampere,none,,,
10de,2243,NVIDIA Graphics Device,GA102,ampere,none,,,
10de,20fc,NVIDIA Graphics Device,GA100,ampere,none,,,
10de,20fb,NVIDIA Graphics Device,GA100,ampere,none,,,
10de,20fa,NVIDIA Graphics Device,GA100,ampere,none,,,
10de,25bf,NVIDIA Graphics Device,GA107,ampere,none,,,
10de,2214,NVIDIA Graphics Device,GA102,ampere,none,,,
10de,25be,NVIDIA Graphics Device,GA107,ampere,none,,,
10de,2217,NVIDIA Graphics Device,GA102,ampere,none,,,
10de,24be,NVIDIA Graphics Device,GA104,ampere,none,,,
10de,20fe,NVIDIA INT SKU,GA100,ampere,none,,,
10de,24c0,NVIDIA Initial Dev ID B,GA104,ampere,none,,,
10de,20c0,NVIDIA Initial DevID,GA100,ampere,none,,,
10de,1491,NVIDIA PG506-230,GA100,ampere,native,16,18,
10de,20b6,NVIDIA PG506-230/232 96GB,GA100,ampere,native,16,18,
10de,1492,NVIDIA PG506-232,GA100,ampere,native,16,18,
10de,25bc,NVIDIA RTX A1000 6GB Laptop GPU,GA107,ampere,none,,,
10de,25f9,NVIDIA RTX A1000 Embedded GPU,GA107,ampere,none,,,
10de,25b9,NVIDIA RTX A1000 Laptop GPU,GA107,ampere,none,,,
10de,2531,NVIDIA RTX A2000,GA106,ampere,none,,,
10de,2571,NVIDIA RTX A2000 12GB,GA106,ampere,none,,,
10de,25ba,NVIDIA RTX A2000 8GB Laptop GPU,GA107,ampere,none,,,
10de,25fa,NVIDIA RTX A2000 Embedded GPU,GA107,ampere,none,,,
10de,25b8,NVIDIA RTX A2000 Laptop GPU,GA107,ampere,none,,,
10de,24b9,NVIDIA RTX A3000 12 GB Laptop GPU,GA104,ampere,none,,,
10de,24bb,NVIDIA RTX A3000 Laptop GPU,GA104,ampere,none,,,
10de,24b8,NVIDIA RTX A3000 Laptop GPU,GA104,ampere,none,,,
10de,24b0,NVIDIA RTX A4000,GA104,ampere,none,,,
10de,24b7,NVIDIA RTX A4000 Laptop GPU,GA104,ampere,none,,,
10de,24b1,NVIDIA RTX A4000H,GA104,ampere,none,,,
10de,2232,NVIDIA RTX A4500,GA102,ampere,none,,,
10de,24fa,NVIDIA RTX A4500 Embedded GPU,GA104,ampere,none,,,
10de,24ba,NVIDIA RTX A4500 Laptop GPU,GA104,ampere,none,,,
10de,25fb,NVIDIA RTX A500 Embedded GPU,GA107,ampere,none,,,
10de,25bb,NVIDIA RTX A500 Laptop GPU,GA107,ampere,none,,,
10de,25bd,NVIDIA RTX A500 Laptop GPU,GA107,ampere,none,,,
10de,2231,NVIDIA RTX A5000,GA102,ampere,none,,,
10de,24b6,NVIDIA RTX A5000 Laptop GPU,GA104,ampere,none,,,
10de,2233,NVIDIA RTX A5500,GA102,ampere,native,12,17,
10de,2438,NVIDIA RTX A5500 Laptop GPU,GA103,ampere,none,,,
10de,2230,NVIDIA RTX A6000,GA102,ampere,native,12,17,
10de,2480,NVIDIA Reserved Dev ID A,GA104,ampere,none,,,
10de,2c07,NVIDIA GeForce RTX 5050,GB206,blackwell,none,19,19,
10de,2c06,NVIDIA GeForce RTX 5060,GB206,blackwell,none,19,19,
10de,2c05,NVIDIA GeForce RTX 5060 Ti,GB206,blackwell,none,19,19,
10de,2c04,NVIDIA GeForce RTX 5070,GB205,blackwell,none,19,19,
10de,2c03,NVIDIA GeForce RTX 5070 Ti,GB205,blackwell,none,19,19,
10de,2c02,NVIDIA GeForce RTX 5080,GB203,blackwell,none,19,19,
10de,2b85,NVIDIA GeForce RTX 5090,GB202,blackwell,none,19,19,
10de,2b87,NVIDIA GeForce RTX 5090 D,GB202,blackwell,none,19,19,
10de,23f0,NVIDIA Graphics Device,GB100,blackwell,none,,,
10de,23b0,NVIDIA Graphics Device,GB100,blackwell,none,,,
10de,2d39,NVIDIA RTX PRO 2000 Blackwell Generation Laptop GPU,GB202GL,blackwell,none,,,
10de,2c34,NVIDIA RTX PRO 4000 Blackwell,GB202GL,blackwell,none,,,
10de,2051,NVIDIA RTX PRO 4500 Blackwell,GB202GL,blackwell,none,,,
10de,2f18,NVIDIA RTX PRO 5000 Blackwell,GB202GL,blackwell,native,19,19,
10de,2bb5,NVIDIA RTX PRO 6000 Blackwell Server Edition,GB202GL,blackwell,native,19,19,
10de,2bb1,NVIDIA RTX PRO 6000 Blackwell Workstation Edition,GB202GL,blackwell,native,19,19,
10de,2bb4,NVIDIA RTX PRO 6000 Max-Q Blackwell Workstation Edition,GB202GL,blackwell,native,19,19,
10de,2302,NVIDIA GH100,GH100,hopper,none,,,
10de,2343,NVIDIA GH100,GH100,hopper,none,,,
10de,2345,NVIDIA GH100-88K-A1,GH100,hopper,none,,,
10de,2342,NVIDIA GH200 120GB / 480GB,GH100,hopper,none,,,
10de,2336,NVIDIA H100 80GB HBM2e / 96GB,GH100,hopper,none,,,
10de,233d,NVIDIA H100 96GB,GH100,hopper,none,,,
10de,2313,NVIDIA H100 CNX,GH100,hopper,none,,,
10de,2331,NVIDIA H100 PCIe,GH100,hopper,native,15,15,
10de,2337,NVIDIA H100 SXM5 64GB,GH100,hopper,none,,,
10de,2330,NVIDIA H100 SXM5 80GB / 80GB HBM3 / H100XM,GH100,hopper,none,,,
10de,2339,NVIDIA H100 SXM5 94GB,GH100,hopper,none,,,
10de,2338,NVIDIA H100 SXM5 96GB,GH100,hopper,none,,,
10de,2321,NVIDIA H100L 94GB,GH100,hopper,none,,,
10de,2329,NVIDIA H20/H20A,GH100,hopper,none,,,
10de,2335,NVIDIA H200,GH100,hopper,native,,,
10de,2324,NVIDIA H800,GH100,hopper,none,,,
10de,2322,NVIDIA H800 PCIe,GH100,hopper,native,15,15,
10de,233a,NVIDIA H800L 94GB,GH100,hopper,none,,,
10de,237f,NVIDIA Skinny Joe,GH100,hopper,none,,,
10de,0fc4,NVIDIA D14P1-15,GK107,kepler,none,,,
10de,11c1,NVIDIA D14P2-30,GK106,kepler,none,,,
10de,0fc5,NVIDIA D15M2-03,GK107,kepler,none,,,
10de,1283,NVIDIA D15M2-10,GK208,kepler,none,,,
10de,0fcb,NVIDIA EXK107,GK107,kepler,none,,,
10de,0fcf,NVIDIA GEN3 ESI,GK107,kepler,none,,,
10de,11ac,NVIDIA GK104-CS,GK104,kepler,none,,,
10de,11a4,NVIDIA GK104-ESA,GK104,kepler,none,,,
10de,11a5,NVIDIA GK104-ESA,GK104,kepler,none,,,
10de,11aa,NVIDIA GK104-INT,GK104,kepler,none,,,
10de,11b9,NVIDIA GK104GLM,GK104,kepler,none,,,
10de,11f8,NVIDIA GK106,GK106,kepler,none,,,
10de,11f0,NVIDIA GK106,GK106,kepler,none,,,
10de,11d3,NVIDIA GK106-ES,GK106,kepler,none,,,
10de,11d2,NVIDIA GK106-INT232,GK106,kepler,none,,,
10de,11d1,NVIDIA GK106-INT343,GK106,kepler,none,,,
10de,11d0,NVIDIA GK106-INT353,GK106,kepler,none,,,
10de,11e7,NVIDIA GK106M,GK106,kepler,none,,,
10de,0fda,NVIDIA GK107-ES-A1,GK107,kepler,none,,,
10de,0fde,NVIDIA GK107-ES-KA-E1,GK107,kepler,none,,,
10de,0fdb,NVIDIA GK107-ESP-A1,GK107,kepler,none,,,
10de,0fd7,NVIDIA GK107-GTX,GK107,kepler,none,,,
10de,0fdd,NVIDIA GK107-INT11-A1,GK107,kepler,none,,,
10de,0fdc,NVIDIA GK107-INT22-A1,GK107,kepler,none,,,
10de,1003,NVIDIA GK110 DT Bringup,GK110,kepler,none,,,
10de,0fa0,NVIDIA GK11x_FPGA,GK11x,kepler,none,,,
10de,12a0,NVIDIA GK208,GK208,kepler,none,,,
10de,12b1,NVIDIA GK208 INT,GK208,kepler,none,,,
10de,1285,NVIDIA GK208-100,GK208,kepler,none,,,
10de,12b0,NVIDIA GK208-CS-Q,GK208,kepler,none,,,
10de,12ae,NVIDIA GK208-CS1-C,GK208,kepler,none,,,
10de,12ad,NVIDIA GK208-ES,GK208,kepler,none,,,
10de,12af,NVIDIA GK208-INT,GK208,kepler,none,,,
10de,11af,NVIDIA GRID IceCube,GK104,kepler,none,,,
10de,0ff2,NVIDIA GRID K1,GK107,kepler,none,,,
10de,11bf,NVIDIA GRID K2,GK104,kepler,none,,,
10de,0fef,NVIDIA GRID K340,GK107,kepler,none,,,
10de,118a,NVIDIA GRID K520,GK104,kepler,none,,,
10de,0fec,NVIDIA GeForce 710A,GK107,kepler,none,,,
10de,1295,NVIDIA GeForce 710M/805M,GK208,kepler,none,,,
10de,0fed,NVIDIA GeForce 820M,GK107,kepler,none,,,
10de,1296,NVIDIA GeForce 825M,GK208,kepler,none,,,
10de,129a,NVIDIA GeForce 910M,GK208,kepler,none,,,
10de,1299,NVIDIA GeForce 920M,GK208,kepler,none,,,
10de,1192,NVIDIA GeForce GK104,GK104,kepler,none,,,
10de,1284,NVIDIA GeForce GT 630,GK208,kepler,none,,,
10de,0fc2,NVIDIA GeForce GT 630,GK107,kepler,none,,,
10de,1280,NVIDIA GeForce GT 635,GK208,kepler,none,,,
10de,1282,NVIDIA GeForce GT 640,GK208,kepler,none,,,
10de,0fc0,NVIDIA GeForce GT 640,GK107,kepler,none,,,
10de,0fc1,NVIDIA GeForce GT 640,GK107,kepler,none,,,
10de,0fd2,NVIDIA GeForce GT 640M,GK107,kepler,none,,,
10de,0fd8,NVIDIA GeForce GT 640M,GK107,kepler,none,,,
10de,0fd3,NVIDIA GeForce GT 640M LE,GK107,kepler,none,,,
10de,0fce,NVIDIA GeForce GT 640M LE,GK107,kepler,none,,,
10de,0fd9,NVIDIA GeForce GT 645M,GK107,kepler,none,,,
10de,0fd1,NVIDIA GeForce GT 650M,GK107,kepler,none,,,
10de,1289,NVIDIA GeForce GT 710,GK208,kepler,none,,,
10de,1281,NVIDIA GeForce GT 710,GK208,kepler,none,,,
10de,128b,NVIDIA GeForce GT 710B,GK208,kepler,none,,,
10de,1288,NVIDIA GeForce GT 720,GK208,kepler,none,,,
10de,1286,NVIDIA GeForce GT 720,GK208,kepler,none,,,
10de,0fcc,NVIDIA GeForce GT 720,GK107,kepler,none,,,
10de,1298,NVIDIA GeForce GT 720M,GK208,kepler,none,,,
10de,1287,NVIDIA GeForce GT 730,GK208,kepler,none,,,
10de,0fc9,NVIDIA GeForce GT 730,GK107,kepler,none,,,
10de,0fe1,NVIDIA GeForce GT 730M,GK107,kepler,none,,,
10de,1290,NVIDIA GeForce GT 730M,GK208,kepler,none,,,
10de,1293,NVIDIA GeForce GT 730M,GK208,kepler,none,,,
10de,1291,NVIDIA GeForce GT 735M,GK208,kepler,none,,,
10de,11c5,NVIDIA GeForce GT 740,GK106,kepler,none,,,
10de,11cb,NVIDIA GeForce GT 740,GK106,kepler,none,,,
10de,0fc8,NVIDIA GeForce GT 740,GK107,kepler,none,,,
10de,0fdf,NVIDIA GeForce GT 740M,GK107,kepler,none,,,
10de,1294,NVIDIA GeForce GT 740M,GK208,kepler,none,,,
10de,1292,NVIDIA GeForce GT 740M,GK208,kepler,none,,,
10de,0fe2,NVIDIA GeForce GT 745M,GK107,kepler,none,,,
10de,0fe3,NVIDIA GeForce GT 745M,GK107,kepler,none,,,
10de,0fe9,NVIDIA GeForce GT 750M,GK107,kepler,none,,,
10de,0fe4,NVIDIA GeForce GT 750M,GK107,kepler,none,,,
10de,0fea,NVIDIA GeForce GT 755M,GK107,kepler,none,,,
10de,0fcd,NVIDIA GeForce GT 755M,GK107,kepler,none,,,
10de,11c4,NVIDIA GeForce GTX 645,GK106,kepler,none,,,
10de,11c8,NVIDIA GeForce GTX 650,GK106,kepler,none,,,
10de,0fc6,NVIDIA GeForce GTX 650,GK107,kepler,none,,,
10de,11c3,NVIDIA GeForce GTX 650 Ti,GK106,kepler,none,,,
10de,11c6,NVIDIA GeForce GTX 650 Ti,GK106,kepler,none,,,
10de,11c2,NVIDIA GeForce GTX 650 Ti BOOST,GK106,kepler,none,,,
10de,0fd5,NVIDIA GeForce GTX 650M,GK107,kepler,none,,,
10de,1195,NVIDIA GeForce GTX 660,GK104,kepler,none,,,
10de,1185,NVIDIA GeForce GTX 660,GK104,kepler,none,,,
10de,11c0,NVIDIA GeForce GTX 660,GK106,kepler,none,,,
10de,1183,NVIDIA GeForce GTX 660 Ti,GK104,kepler,none,,,
10de,0fe0,NVIDIA GeForce GTX 660M,GK107,kepler,none,,,
10de,0fd4,NVIDIA GeForce GTX 660M,GK107,kepler,none,,,
10de,1189,NVIDIA GeForce GTX 670,GK104,kepler,none,,,
10de,11a1,NVIDIA GeForce GTX 670MX,GK104,kepler,none,,,
10de,11a7,NVIDIA GeForce GTX 675MX,GK104,kepler,none,,,
10de,11a2,NVIDIA GeForce GTX 675MX,GK104,kepler,none,,,
10de,1180,NVIDIA GeForce GTX 680,GK104,kepler,none,,,
10de,11a0,NVIDIA GeForce GTX 680M,GK104,kepler,none,,,
10de,11a3,NVIDIA GeForce GTX 680MX,GK104,kepler,none,,,
10de,1188,NVIDIA GeForce GTX 690,GK104,kepler,none,,,
10de,1191,NVIDIA GeForce GTX 760,GK104,kepler,none,,,
10de,1187,NVIDIA GeForce GTX 760,GK104,kepler,none,,,
10de,118e,NVIDIA GeForce GTX 760 (192-bit),GK104,kepler,none,,,
10de,1193,NVIDIA GeForce GTX 760 OEM,GK104,kepler,none,,,
10de,11c7,NVIDIA GeForce GTX 760 SE/750 Ti,GK106,kepler,none,,,
10de,1182,NVIDIA GeForce GTX 760 Ti,GK104,kepler,none,,,
10de,11e3,NVIDIA GeForce GTX 760M,GK106,kepler,none,,,
10de,11e2,NVIDIA GeForce GTX 765M,GK106,kepler,none,,,
10de,11e1,NVIDIA GeForce GTX 765M,GK106,kepler,none,,,
10de,1184,NVIDIA GeForce GTX 770,GK104,kepler,none,,,
10de,11e0,NVIDIA GeForce GTX 770M,GK106,kepler,none,,,
10de,119d,NVIDIA GeForce GTX 775M,GK104,kepler,none,,,
10de,1004,NVIDIA GeForce GTX 780,GK110,kepler,none,,,
10de,1007,NVIDIA GeForce GTX 780,GK110,kepler,none,,,
10de,100a,NVIDIA GeForce GTX 780 Ti,GK110,kepler,none,,,
10de,1006,NVIDIA GeForce GTX 780 Ti,GK110,kepler,none,,,
10de,1008,NVIDIA GeForce GTX 780 Ti,GK110,kepler,none,,,
10de,119f,NVIDIA GeForce GTX 780M,GK104,kepler,none,,,
10de,119e,NVIDIA GeForce GTX 780M,GK104,kepler,none,,,
10de,119a,NVIDIA GeForce GTX 860M,GK104,kepler,none,,,
10de,1199,NVIDIA GeForce GTX 870M,GK104,kepler,none,,,
10de,11a9,NVIDIA GeForce GTX 870M,GK104,kepler,none,,,
10de,1005,NVIDIA GeForce GTX TITAN,GK110,kepler,none,,,
10de,100c,NVIDIA GeForce GTX TITAN Black,GK110,kepler,none,,,
10de,1001,NVIDIA GeForce GTX TITAN Z,GK110,kepler,none,,,
10de,118b,NVIDIA GeForce K2 USM,GK104,kepler,none,,,
10de,0fe5,NVIDIA GeForce K340 USM,GK107,kepler,none,,,
10de,1198,NVIDIA Geforce GTX 880M,GK104,kepler,none,,,
10de,0fe7,NVIDIA Generic K1 USM / GRID K100,GK107,kepler,none,,,
10de,118d,NVIDIA Generic K2 USM / GRID K200 / GRID K500,GK104,kepler,none,,,
10de,102b,NVIDIA Graphics Device,GK110,kepler,none,,,
10de,102c,NVIDIA Graphics Device,GK110,kepler,none,,,
10de,100b,NVIDIA Graphics Device,GK110,kepler,none,,,
10de,128a,NVIDIA Graphics Device,GK208,kepler,none,,,
10de,1030,NVIDIA Graphics Device,GK110,kepler,none,,,
10de,0fa5,NVIDIA Graphics Device,GK11x,kepler,none,,,
10de,12bb,NVIDIA Graphics Device,GK208,kepler,none,,,
10de,1297,NVIDIA Graphics Device,GK208,kepler,none,,,
10de,129b,NVIDIA Graphics Device,GK208,kepler,none,,,
10de,0fd6,NVIDIA N13P-GS-W,GK107,kepler,none,,,
10de,0fe8,NVIDIA N14P-GS,GK107,kepler,none,,,
10de,0fd0,NVIDIA NB1G,GK107,kepler,none,,,
10de,11ff,NVIDIA NB1Q,GK106,kepler,none,,,
10de,0ff0,NVIDIA NB1Q,GK107,kepler,none,,,
10de,0ff1,NVIDIA NVS 1000,GK107,kepler,none,,,
10de,0fe6,NVIDIA NVS K1 USM,GK107,kepler,none,,,
10de,118c,NVIDIA NVS K2 USM,GK104,kepler,none,,,
10de,103b,NVIDIA Q12U-1,GK110,kepler,none,,,
10de,0fff,NVIDIA Quadro 410,GK107,kepler,none,,,
10de,11bb,NVIDIA Quadro 4100,GK104,kepler,none,,,
10de,0ff7,NVIDIA Quadro K1 USM / GRID K120Q / GRID K140Q,GK107,kepler,none,,,
10de,0ffc,NVIDIA Quadro K1000M,GK107,kepler,none,,,
10de,0ff6,NVIDIA Quadro K1100M,GK107,kepler,none,,,
10de,11b0,NVIDIA Quadro K2 USM / GRID K220Q / K240Q / K260Q / K520Q / K540Q / K560Q,GK104,kepler,none,,,
10de,0ffe,NVIDIA Quadro K2000,GK107,kepler,none,,,
10de,0ff9,NVIDIA Quadro K2000D,GK107,kepler,none,,,
10de,0ffb,NVIDIA Quadro K2000M,GK107,kepler,none,,,
10de,11fc,NVIDIA Quadro K2100M,GK106,kepler,none,,,
10de,12b3,NVIDIA Quadro K2200M,GK208,kepler,none,,,
10de,11be,NVIDIA Quadro K3000M,GK104,kepler,none,,,
10de,11b6,NVIDIA Quadro K3100M,GK104,kepler,none,,,
10de,11fa,NVIDIA Quadro K4000,GK106,kepler,none,,,
10de,11bd,NVIDIA Quadro K4000M,GK104,kepler,none,,,
10de,11b7,NVIDIA Quadro K4100M,GK104,kepler,none,,,
10de,0ff3,NVIDIA Quadro K420,GK107,kepler,none,,,
10de,11b4,NVIDIA Quadro K4200,GK104,kepler,none,,,
10de,11ba,NVIDIA Quadro K5000,GK104,kepler,none,,,
10de,11bc,NVIDIA Quadro K5000M,GK104,kepler,none,,,
10de,0ff8,NVIDIA Quadro K500M,GK107,kepler,none,,,
10de,11a8,NVIDIA Quadro K5100M,GK104,kepler,none,,,
10de,11b8,NVIDIA Quadro K5100M / GRID K5100M,GK104,kepler,none,,,
10de,12ba,NVIDIA Quadro K510M,GK208,kepler,none,,,
10de,103c,NVIDIA Quadro K5200,GK110,kepler,none,,,
10de,0ffa,NVIDIA Quadro K600,GK107,kepler,none,,,
10de,103a,NVIDIA Quadro K6000,GK110,kepler,none,,,
10de,12b9,NVIDIA Quadro K610M,GK208,kepler,none,,,
10de,0ffd,NVIDIA Quadro NVS 510,GK107,kepler,none,,,
10de,0fa7,NVIDIA Tegra on x86 (PEATRANS),GK11x,kepler,none,,,
10de,0ff5,NVIDIA Tesla K1 USM,GK107,kepler,none,,,
10de,118f,NVIDIA Tesla K10,GK104,kepler,none,,,
10de,11b1,NVIDIA Tesla K2 USM,GK104,kepler,none,,,
10de,101f,NVIDIA Tesla K20,GK110,kepler,none,,,
10de,101e,NVIDIA Tesla K20X,GK110,kepler,none,,,
10de,1021,NVIDIA Tesla K20Xm,GK110,kepler,none,,,
10de,1022,NVIDIA Tesla K20c,GK110,kepler,none,,,
10de,1028,NVIDIA Tesla K20m,GK110,kepler,none,,,
10de,1026,NVIDIA Tesla K20s,GK110,kepler,none,,,
10de,1020,NVIDIA Tesla K20x,GK110,kepler,none,,,
10de,1024,NVIDIA Tesla K40c,GK110,kepler,none,,,
10de,102e,NVIDIA Tesla K40d,GK110,kepler,none,,,
10de,1023,NVIDIA Tesla K40m,GK110,kepler,none,,,
10de,1029,NVIDIA Tesla K40s,GK110,kepler,none,,,
10de,1027,NVIDIA Tesla K40st,GK110,kepler,none,,,
10de,102a,NVIDIA Tesla K40t,GK110,kepler,none,,,
10de,1194,NVIDIA Tesla K8,GK104,kepler,none,,,
10de,102d,NVIDIA Tesla K80,GK110,kepler,none,,,
10de,103f,NVIDIA Tesla Stella SXM,GK110,kepler,none,,,
10de,102f,NVIDIA Tesla Stella Solo,GK110,kepler,none,,,
10de,13c4,NVIDIA D17U-20,GM204,maxwell,none,,,
10de,13b5,NVIDIA EMP107,GM107,maxwell,none,,,
10de,13ae,NVIDIA GM107 CS1,GM107,maxwell,none,,,
10de,13be,NVIDIA GM107 CS1,GM107,maxwell,none,,,
10de,17be,NVIDIA GM107 CS1  ,GM107,maxwell,none,,,
10de,13ad,NVIDIA GM107 INT52,GM107,maxwell,none,,,
10de,13bf,NVIDIA GM107 INT52,GM107,maxwell,none,,,
10de,137e,NVIDIA GM108 CS1,GM108,maxwell,none,,,
10de,136e,NVIDIA GM108 CS1,GM108,maxwell,none,,,
10de,137f,NVIDIA GM108 INT131,GM108,maxwell,none,,,
10de,136f,NVIDIA GM108 INT131,GM108,maxwell,none,,,
10de,13c3,NVIDIA GM204,GM204,maxwell,none,,,
10de,13c1,NVIDIA GM204,GM204,maxwell,none,,,
10de,1789,NVIDIA GRID M3-3020,GM107,maxwell,none,,,
10de,1389,NVIDIA GRID M30,GM107,maxwell,none,,,
10de,1613,NVIDIA GRID M60 Service Provider,GM204,maxwell,none,,,
10de,1340,NVIDIA GeForce 830M,GM108,maxwell,none,,,
10de,1393,NVIDIA GeForce 840M,GM107,maxwell,none,,,
10de,1341,NVIDIA GeForce 840M,GM108,maxwell,none,,,
10de,1390,NVIDIA GeForce 845M,GM107,maxwell,none,,,
10de,1398,NVIDIA GeForce 845M,GM107,maxwell,none,,,
10de,134f,NVIDIA GeForce 920MX,GM108,maxwell,none,,,
10de,1349,NVIDIA GeForce 930A,GM108,maxwell,none,,,
10de,1346,NVIDIA GeForce 930M,GM108,maxwell,none,,,
10de,134e,NVIDIA GeForce 930MX,GM108,maxwell,none,,,
10de,137d,NVIDIA GeForce 940A,GM108,maxwell,none,,,
10de,139c,NVIDIA GeForce 940M,GM107,maxwell,none,,,
10de,1347,NVIDIA GeForce 940M,GM108,maxwell,none,,,
10de,179c,NVIDIA GeForce 940MX,GM107,maxwell,none,,,
10de,134d,NVIDIA GeForce 940MX,GM108,maxwell,none,,,
10de,1399,NVIDIA GeForce 945M,GM107,maxwell,none,,,
10de,1348,NVIDIA GeForce 945M,GM108,maxwell,none,,,
10de,134b,NVIDIA GeForce GPU,GM108,maxwell,none,,,
10de,1382,NVIDIA GeForce GTX 745,GM107,maxwell,none,,,
10de,1381,NVIDIA GeForce GTX 750,GM107,maxwell,none,,,
10de,1407,NVIDIA GeForce GTX 750,GM206,maxwell,none,,,
10de,1380,NVIDIA GeForce GTX 750 Ti,GM107,maxwell,none,,,
10de,139d,NVIDIA GeForce GTX 750 Ti,GM107,maxwell,none,,,
10de,1391,NVIDIA GeForce GTX 850M,GM107,maxwell,none,,,
10de,1392,NVIDIA GeForce GTX 860M,GM107,maxwell,none,,,
10de,1402,NVIDIA GeForce GTX 950,GM206,maxwell,unlock,16,16,
10de,139a,NVIDIA GeForce GTX 950M,GM107,maxwell,none,,,
10de,1406,NVIDIA GeForce GTX 960,GM206,maxwell,unlock,16,16,
10de,1401,NVIDIA GeForce GTX 960,GM206,maxwell,unlock,16,16,
10de,139b,NVIDIA GeForce GTX 960M,GM107,maxwell,none,,,
10de,1619,NVIDIA GeForce GTX 965M,GM204,maxwell,unlock,16,16,
10de,13d9,NVIDIA GeForce GTX 965M,GM204,maxwell,unlock,16,16,
10de,1667,NVIDIA GeForce GTX 965M,GM204,maxwell,unlock,16,16,
10de,1427,NVIDIA GeForce GTX 965M/950,GM206,maxwell,unlock,16,16,
10de,13c2,NVIDIA GeForce GTX 970,GM204,maxwell,none,,,
10de,1618,NVIDIA GeForce GTX 970M,GM204,maxwell,unlock,16,16,
10de,13d8,NVIDIA GeForce GTX 970M,GM204,maxwell,unlock,16,16,
10de,13c0,NVIDIA GeForce GTX 980,GM204,maxwell,unlock,16,16,
10de,13da,NVIDIA GeForce GTX 980,GM204,maxwell,unlock,16,16,
10de,161a,NVIDIA GeForce GTX 980 ,GM204,maxwell,unlock,16,16,
10de,17c8,NVIDIA GeForce GTX 980 Ti,GM200,maxwell,unlock,16,16,
10de,1617,NVIDIA GeForce GTX 980M,GM204,maxwell,unlock,16,16,
10de,13d7,NVIDIA GeForce GTX 980M,GM204,maxwell,unlock,16,16,
10de,17c2,NVIDIA GeForce GTX TITAN X,GM200,maxwell,none,,,
10de,174e,NVIDIA GeForce MX110,GM107,maxwell,none,,,
10de,174d,NVIDIA GeForce MX130,GM107,maxwell,none,,,
10de,1604,NVIDIA Graphics Device,GM204,maxwell,none,,,
10de,1602,NVIDIA Graphics Device,GM204,maxwell,none,,,
10de,1603,NVIDIA Graphics Device,GM204,maxwell,none,,,
10de,1600,NVIDIA Graphics Device,GM204,maxwell,none,,,
10de,1601,NVIDIA Graphics Device,GM204,maxwell,none,,,
10de,13e7,NVIDIA Graphics Device,GM204,maxwell,none,,,
10de,13e8,NVIDIA Graphics Device,GM204,maxwell,none,,,
10de,1383,NVIDIA Graphics Device,GM107,maxwell,none,,,
10de,1384,NVIDIA Graphics Device,GM107,maxwell,none,,,
10de,177f,NVIDIA Graphics Device,GM107,maxwell,none,,,
10de,17b4,NVIDIA Graphics Device,GM107,maxwell,none,,,
10de,17b6,NVIDIA Graphics Device,GM107,maxwell,none,,,
10de,17b1,NVIDIA Graphics Device,GM107,maxwell,none,,,
10de,17b0,NVIDIA Graphics Device,GM107,maxwell,none,,,
10de,17b2,NVIDIA Graphics Device,GM107,maxwell,none,,,
10de,17bd,NVIDIA Graphics Device,GM107,maxwell,none,,,
10de,17bf,NVIDIA Graphics Device,GM107,maxwell,none,,,
10de,17bc,NVIDIA Graphics Device,GM107,maxwell,none,,,
10de,1770,NVIDIA Graphics Device,GM107,maxwell,none,,,
10de,1304,NVIDIA Graphics Device,GM108,maxwell,none,,,
10de,1676,NVIDIA Graphics Device,GM204,maxwell,none,,,
10de,1671,NVIDIA Graphics Device,GM204,maxwell,none,,,
10de,1670,NVIDIA Graphics Device,GM204,maxwell,none,,,
10de,1370,NVIDIA Graphics Device,GM108,maxwell,none,,,
10de,13fe,NVIDIA Graphics Device,GM204,maxwell,none,,,
10de,13ff,NVIDIA Graphics Device,GM204,maxwell,none,,,
10de,1614,NVIDIA Graphics Device,GM204,maxwell,none,,,
10de,17ee,NVIDIA Graphics Device,GM200,maxwell,none,,,
10de,17ef,NVIDIA Graphics Device,GM200,maxwell,none,,,
10de,142f,NVIDIA Graphics Device,GM206,maxwell,none,,,
10de,142e,NVIDIA Graphics Device,GM206,maxwell,none,,,
10de,140f,NVIDIA Graphics Device,GM206,maxwell,none,,,
10de,1642,NVIDIA Graphics Device,GM204,maxwell,none,,,
10de,1404,NVIDIA Graphics Device,GM206,maxwell,none,,,
10de,1641,NVIDIA Graphics Device,GM204,maxwell,none,,,
10de,1646,NVIDIA Graphics Device,GM204,maxwell,none,,,
10de,1400,NVIDIA Graphics Device,GM206,maxwell,none,,,
10de,1644,NVIDIA Graphics Device,GM204,maxwell,none,,,
10de,1403,NVIDIA Graphics Device,GM206,maxwell,none,,,
10de,1648,NVIDIA Graphics Device,GM204,maxwell,none,,,
10de,1408,NVIDIA Graphics Device,GM206,maxwell,none,,,
10de,13af,NVIDIA Graphics Device,GM107,maxwell,none,,,
10de,1783,NVIDIA Graphics Device,GM107,maxwell,none,,,
10de,1782,NVIDIA Graphics Device,GM107,maxwell,none,,,
10de,1781,NVIDIA Graphics Device,GM107,maxwell,none,,,
10de,1780,NVIDIA Graphics Device,GM107,maxwell,none,,,
10de,17fe,NVIDIA Graphics Device,GM200,maxwell,none,,,
10de,17ff,NVIDIA Graphics Device,GM200,maxwell,none,,,
10de,1632,NVIDIA Graphics Device,GM204,maxwell,none,,,
10de,1631,NVIDIA Graphics Device,GM204,maxwell,none,,,
10de,1630,NVIDIA Graphics Device,GM204,maxwell,none,,,
10de,17c0,NVIDIA Graphics Device,GM200,maxwell,none,,,
10de,17c1,NVIDIA Graphics Device,GM200,maxwell,none,,,
10de,17c6,NVIDIA Graphics Device,GM200,maxwell,none,,,
10de,17c7,NVIDIA Graphics Device,GM200,maxwell,none,,,
10de,17c4,NVIDIA Graphics Device,GM200,maxwell,none,,,
10de,17c5,NVIDIA Graphics Device,GM200,maxwell,none,,,
10de,17c9,NVIDIA Graphics Device,GM200,maxwell,none,,,
10de,143e,NVIDIA Graphics Device,GM206,maxwell,none,,,
10de,143f,NVIDIA Graphics Device,GM206,maxwell,none,,,
10de,13e5,NVIDIA Graphics Device ES,GM204,maxwell,none,,,
10de,13e4,NVIDIA Graphics Device ES-A,GM204,maxwell,none,,,
10de,1791,NVIDIA N15P-GT,GM107,maxwell,none,,,
10de,1792,NVIDIA N15P-GX,GM107,maxwell,none,,,
10de,1342,NVIDIA N15S-GM-B,GM108,maxwell,none,,,
10de,1742,NVIDIA N15S-GM-B ,GM107,maxwell,none,,,
10de,1740,NVIDIA N15S-GM-S,GM107,maxwell,none,,,
10de,1343,NVIDIA N15S-GT,GM108,maxwell,none,,,
10de,1743,NVIDIA N15S-GT-B,GM107,maxwell,none,,,
10de,1741,NVIDIA N15S-GT-S,GM107,maxwell,none,,,
10de,1790,NVIDIA N15S-GX,GM107,maxwell,none,,,
10de,163a,NVIDIA N16E-Q1,GM204,maxwell,none,,,
10de,1639,NVIDIA N16E-Q3,GM204,maxwell,none,,,
10de,1638,NVIDIA N16E-Q5,GM204,maxwell,none,,,
10de,1344,NVIDIA NVIDIA GeForce 845M,GM108,maxwell,none,,,
10de,13b9,NVIDIA NVS 810,GM107,maxwell,none,,,
10de,17b3,NVIDIA Quadro,GM107,maxwell,none,,,
10de,17ba,NVIDIA Quadro ,GM107,maxwell,none,,,
10de,17bb,NVIDIA Quadro  ,GM107,maxwell,none,,,
10de,13bc,NVIDIA Quadro K1200,GM107,maxwell,none,,,
10de,13ba,NVIDIA Quadro K2200,GM107,maxwell,none,,,
10de,13b3,NVIDIA Quadro K2200M,GM107,maxwell,none,,,
10de,13bb,NVIDIA Quadro K620,GM107,maxwell,none,,,
10de,13b1,NVIDIA Quadro M1000M,GM107,maxwell,none,,,
10de,13b6,NVIDIA Quadro M1200,GM107,maxwell,none,,,
10de,1430,NVIDIA Quadro M2000,GM206,maxwell,unlock,16,16,
10de,13b0,NVIDIA Quadro M2000M,GM107,maxwell,none,,,
10de,1436,NVIDIA Quadro M2200,GM206,maxwell,unlock,16,16,
10de,13fa,NVIDIA Quadro M3000M/M3000 SE,GM204,maxwell,unlock,16,16,
10de,13f1,NVIDIA Quadro M4000,GM204,maxwell,unlock,16,16,
10de,13f9,NVIDIA Quadro M4000M,GM204,maxwell,unlock,16,16,
10de,13f0,NVIDIA Quadro M5000,GM204,maxwell,unlock,16,16,
10de,13f8,NVIDIA Quadro M5000M/M5000 SE,GM204,maxwell,unlock,16,16,
10de,137a,NVIDIA Quadro M500M / K620M,GM108,maxwell,none,,,
10de,137b,NVIDIA Quadro M520,GM108,maxwell,none,,,
10de,13fb,NVIDIA Quadro M5500,GM204,maxwell,unlock,16,16,
10de,17f0,NVIDIA Quadro M6000,GM200,maxwell,unlock,16,16,
10de,17f1,NVIDIA Quadro M6000 24GB,GM200,maxwell,unlock,16,16,
10de,13b2,NVIDIA Quadro M600M,GM107,maxwell,none,,,
10de,13b4,NVIDIA Quadro M620,GM107,maxwell,none,,,
10de,13bd,NVIDIA Tesla M10,GM107,maxwell,native,5,17,
10de,1431,NVIDIA Tesla M4,GM206,maxwell,unlock,16,16,
10de,17fd,NVIDIA Tesla M40/M40 24GB,GM200,maxwell,unlock,16,16,
10de,13f2,NVIDIA Tesla M60,GM204,maxwell,native,2,16,
10de,13f3,NVIDIA Tesla M60/M6,GM204,maxwell,native,2,16,
10de,1c36,,GP106,pascal,none,,,
10de,15c2,NVIDIA CMP 100-100,GP100v1,pascal,none,,,
10de,15fa,NVIDIA DGX Station / PH402 SKU 200,GP100v1,pascal,none,,,
10de,172e,NVIDIA GP100,GP100v2,pascal,none,,,
10de,172f,NVIDIA GP100,GP100v2,pascal,none,,,
10de,1725,NVIDIA GP100,GP100v2,pascal,none,,,
10de,15ff,NVIDIA GP100 SKU 15ff,GP100v1,pascal,none,,,
10de,15fb,NVIDIA GP100 SKU 200,GP100v1,pascal,none,,,
10de,15f1,NVIDIA GP100GL,GP100v1,pascal,none,,,
10de,1b01,NVIDIA GP102,GP102,pascal,none,,,
10de,1b70,NVIDIA GP102GL,GP102,pascal,none,,,
10de,1b78,NVIDIA GP102GL,GP102,pascal,none,,,
10de,1c01,NVIDIA GP106,GP106,pascal,none,,,
10de,1c00,NVIDIA GP106,GP106,pascal,none,,,
10de,1c70,NVIDIA GP106GL,GP106,pascal,none,,,
10de,1c80,NVIDIA GP107,GP107,pascal,none,,,
10de,1ca8,NVIDIA GP107GL,GP107,pascal,none,,,
10de,1ca7,NVIDIA GP107GL,GP107,pascal,none,,,
10de,1caa,NVIDIA GP107GL,GP107,pascal,none,,,
10de,1c8e,NVIDIA GP107M,GP107,pascal,none,,,
10de,1d02,NVIDIA GeForce GT 1010,GP108,pascal,none,,,
10de,1d01,NVIDIA GeForce GT 1030,GP108,pascal,none,,,
10de,1c22,NVIDIA GeForce GTX 1050,GP106,pascal,unlock,16,16,
10de,1c8d,NVIDIA GeForce GTX 1050,GP107,pascal,unlock,16,16,
10de,1c83,NVIDIA GeForce GTX 1050,GP107,pascal,unlock,16,16,
10de,1c81,NVIDIA GeForce GTX 1050,GP107,pascal,unlock,16,16,
10de,1c08,NVIDIA GeForce GTX 1050,GP106,pascal,unlock,16,16,
10de,1c62,NVIDIA GeForce GTX 1050,GP106,pascal,unlock,16,16,
10de,1c92,NVIDIA GeForce GTX 1050,GP107,pascal,unlock,16,16,
10de,1ccd,NVIDIA GeForce GTX 1050 Mobile,GP107,pascal,unlock,16,16,
10de,1c21,NVIDIA GeForce GTX 1050 Ti,GP106,pascal,unlock,16,16,
10de,1c8c,NVIDIA GeForce GTX 1050 Ti,GP107,pascal,unlock,16,16,
10de,1c82,NVIDIA GeForce GTX 1050 Ti,GP107,pascal,unlock,16,16,
10de,1c61,NVIDIA GeForce GTX 1050 Ti,GP106,pascal,unlock,16,16,
10de,1ccc,NVIDIA GeForce GTX 1050 Ti Mobile,GP107,pascal,unlock,16,16,
10de,1c8f,NVIDIA GeForce GTX 1050 Ti with Max-Q Design,GP107,pascal,unlock,16,16,
10de,1c91,NVIDIA GeForce GTX 1050 with Max-Q Design,GP107,pascal,unlock,16,16,
10de,1c20,NVIDIA GeForce GTX 1060,GP106,pascal,unlock,16,16,
10de,1c23,NVIDIA GeForce GTX 1060,GP106,pascal,unlock,16,16,
10de,1c60,NVIDIA GeForce GTX 1060,GP106,pascal,unlock,16,16,
10de,1b84,NVIDIA GeForce GTX 1060 3GB,GP104,pascal,unlock,16,16,
10de,1c02,NVIDIA GeForce GTX 1060 3GB,GP106,pascal,unlock,16,16,
10de,1c04,NVIDIA GeForce GTX 1060 5GB,GP106,pascal,unlock,16,16,
10de,1b83,NVIDIA GeForce GTX 1060 6GB,GP104,pascal,unlock,16,16,
10de,1c03,NVIDIA GeForce GTX 1060 6GB,GP106,pascal,unlock,16,16,
10de,1c06,NVIDIA GeForce GTX 1060 6GB,GP106,pascal,unlock,16,16,
10de,1be1,NVIDIA GeForce GTX 1070,GP104,pascal,unlock,16,16,
10de,1b81,NVIDIA GeForce GTX 1070,GP104,pascal,unlock,16,16,
10de,1ba1,NVIDIA GeForce GTX 1070,GP104,pascal,unlock,16,16,
10de,1ba2,NVIDIA GeForce GTX 1070,GP104,pascal,unlock,16,16,
10de,1bad,NVIDIA GeForce GTX 1070 Engineering Sample,GP104,pascal,unlock,16,16,
10de,1b82,NVIDIA GeForce GTX 1070 Ti,GP104,pascal,unlock,16,16,
10de,1be0,NVIDIA GeForce GTX 1080,GP104,pascal,unlock,16,16,
10de,1b80,NVIDIA GeForce GTX 1080,GP104,pascal,unlock,16,16,
10de,1ba0,NVIDIA GeForce GTX 1080,GP104,pascal,unlock,16,16,
10de,1b06,NVIDIA GeForce GTX 1080 Ti,GP102,pascal,unlock,16,16,
10de,1d12,NVIDIA GeForce MX150,GP108,pascal,none,,,
10de,1d10,NVIDIA GeForce MX150,GP108,pascal,none,,,
10de,1c90,NVIDIA GeForce MX150,GP107,pascal,none,,,
10de,1d11,NVIDIA GeForce MX230,GP108,pascal,none,,,
10de,1d52,NVIDIA GeForce MX250,GP108,pascal,none,,,
10de,1d13,NVIDIA GeForce MX250,GP108,pascal,none,,,
10de,1cd6,NVIDIA GeForce MX250,GP107,pascal,none,,,
10de,1d56,NVIDIA GeForce MX330,GP108,pascal,none,,,
10de,1d16,NVIDIA GeForce MX330,GP108,pascal,none,,,
10de,1c94,NVIDIA GeForce MX350,GP107,pascal,none,,,
10de,1c96,NVIDIA GeForce MX350,GP107,pascal,none,,,
10de,1ca9,NVIDIA Graphics Device,GP107,pascal,none,,,
10de,1be5,NVIDIA Graphics Device,GP104,pascal,none,,,
10de,1b03,NVIDIA Graphics Device,GP102,pascal,none,,,
10de,1b04,NVIDIA Graphics Device,GP102,pascal,none,,,
10de,1c47,NVIDIA Graphics Device,GP106,pascal,none,,,
10de,1c46,NVIDIA Graphics Device,GP106,pascal,none,,,
10de,1c44,NVIDIA Graphics Device,GP106,pascal,none,,,
10de,1c43,NVIDIA Graphics Device,GP106,pascal,none,,,
10de,1c42,NVIDIA Graphics Device,GP106,pascal,none,,,
10de,1c41,NVIDIA Graphics Device,GP106,pascal,none,,,
10de,1c49,NVIDIA Graphics Device,GP106,pascal,none,,,
10de,1c48,NVIDIA Graphics Device,GP106,pascal,none,,,
10de,1cbf,NVIDIA Graphics Device,GP107,pascal,none,,,
10de,1b79,NVIDIA Graphics Device,GP102,pascal,none,,,
10de,1cb5,NVIDIA Graphics Device,GP107,pascal,none,,,
10de,1cb4,NVIDIA Graphics Device,GP107,pascal,none,,,
10de,1cb7,NVIDIA Graphics Device,GP107,pascal,none,,,
10de,1cb9,NVIDIA Graphics Device,GP107,pascal,none,,,
10de,1cb8,NVIDIA Graphics Device,GP107,pascal,none,,,
10de,1c27,NVIDIA Graphics Device,GP106,pascal,none,,,
10de,15f2,NVIDIA Graphics Device,GP100v1,pascal,none,,,
10de,15f6,NVIDIA Graphics Device,GP100v1,pascal,none,,,
10de,15fe,NVIDIA Graphics Device,GP100v1,pascal,none,,,
10de,15fd,NVIDIA Graphics Device,GP100v1,pascal,none,,,
10de,1c2a,NVIDIA Graphics Device,GP106,pascal,none,,,
10de,1c2d,NVIDIA Graphics Device,GP106,pascal,none,,,
10de,1d2b,NVIDIA Graphics Device,GP108,pascal,none,,,
10de,1d2c,NVIDIA Graphics Device,GP108,pascal,none,,,
10de,1bbd,NVIDIA Graphics Device,GP104,pascal,none,,,
10de,1bbf,NVIDIA Graphics Device,GP104,pascal,none,,,
10de,1bba,NVIDIA Graphics Device,GP104,pascal,none,,,
10de,15c0,NVIDIA Graphics Device,GP100v1,pascal,none,,,
10de,15c1,NVIDIA Graphics Device,GP100v1,pascal,none,,,
10de,1c76,NVIDIA Graphics Device,GP106,pascal,none,,,
10de,1c77,NVIDIA Graphics Device,GP106,pascal,none,,,
10de,1c75,NVIDIA Graphics Device,GP106,pascal,none,,,
10de,1b46,NVIDIA Graphics Device,GP102,pascal,none,,,
10de,1b44,NVIDIA Graphics Device,GP102,pascal,none,,,
10de,1baa,NVIDIA Graphics Device,GP104,pascal,none,,,
10de,1b43,NVIDIA Graphics Device,GP102,pascal,none,,,
10de,1b40,NVIDIA Graphics Device,GP102,pascal,none,,,
10de,1b41,NVIDIA Graphics Device,GP102,pascal,none,,,
10de,1701,NVIDIA Graphics Device,GP100v2,pascal,none,,,
10de,1700,NVIDIA Graphics Device,GP100v2,pascal,none,,,
10de,1d00,NVIDIA Graphics Device,GP108,pascal,none,,,
10de,1ba9,NVIDIA Graphics Device,GP104,pascal,none,,,
10de,1d31,NVIDIA Graphics Device,GP108,pascal,none,,,
10de,1d32,NVIDIA Graphics Device,GP108,pascal,none,,,
10de,1b3f,NVIDIA Graphics Device,GP102,pascal,none,,,
10de,1b3e,NVIDIA Graphics Device,GP102,pascal,none,,,
10de,1d3f,NVIDIA Graphics Device,GP108,pascal,none,,,
10de,1cc2,NVIDIA Graphics Device,GP107,pascal,none,,,
10de,1cc3,NVIDIA Graphics Device,GP107,pascal,none,,,
10de,1bc4,NVIDIA Graphics Device,GP104,pascal,none,,,
10de,1bc3,NVIDIA Graphics Device,GP104,pascal,none,,,
10de,1bc2,NVIDIA Graphics Device,GP104,pascal,none,,,
10de,1bc1,NVIDIA Graphics Device,GP104,pascal,none,,,
10de,1bc0,NVIDIA Graphics Device,GP104,pascal,none,,,
10de,15bf,NVIDIA Graphics Device,GP100v1,pascal,none,,,
10de,1cf6,NVIDIA Graphics Device,GP107,pascal,none,,,
10de,1b6e,NVIDIA Graphics Device,GP102,pascal,none,,,
10de,1b6f,NVIDIA Graphics Device,GP102,pascal,none,,,
10de,1bf0,NVIDIA Graphics Device,GP104,pascal,none,,,
10de,1bf1,NVIDIA Graphics Device,GP104,pascal,none,,,
10de,1bf3,NVIDIA Graphics Device,GP104,pascal,none,,,
10de,1bf4,NVIDIA Graphics Device,GP104,pascal,none,,,
10de,1bf5,NVIDIA Graphics Device,GP104,pascal,none,,,
10de,173b,NVIDIA Graphics Device,GP100v2,pascal,none,,,
10de,173c,NVIDIA Graphics Device,GP100v2,pascal,none,,,
10de,173a,NVIDIA Graphics Device,GP100v2,pascal,none,,,
10de,173f,NVIDIA Graphics Device,GP100v2,pascal,none,,,
10de,173d,NVIDIA Graphics Device,GP100v2,pascal,none,,,
10de,1d40,NVIDIA Graphics Device,GP108,pascal,none,,,
10de,1d42,NVIDIA Graphics Device,GP108,pascal,none,,,
10de,1c9a,NVIDIA Graphics Device,GP107,pascal,none,,,
10de,1c9b,NVIDIA Graphics Device,GP107,pascal,none,,,
10de,1c9c,NVIDIA Graphics Device,GP107,pascal,none,,,
10de,1c9d,NVIDIA Graphics Device,GP107,pascal,none,,,
10de,1d17,NVIDIA Graphics Device,GP108,pascal,none,,,
10de,1c37,NVIDIA Graphics Device,GP106,pascal,none,,,
10de,1c3f,NVIDIA Graphics Device,GP106,pascal,none,,,
10de,1c3d,NVIDIA Graphics Device,GP106,pascal,none,,,
10de,1c3a,NVIDIA Graphics Device,GP106,pascal,none,,,
10de,1d1f,NVIDIA Graphics Device,GP108,pascal,none,,,
10de,1c98,NVIDIA Graphics Device,GP107,pascal,none,,,
10de,1c99,NVIDIA Graphics Device,GP107,pascal,none,,,
10de,1732,NVIDIA Graphics Device,GP100v2,pascal,none,,,
10de,1730,NVIDIA Graphics Device,GP100v2,pascal,none,,,
10de,1731,NVIDIA Graphics Device,GP100v2,pascal,none,,,
10de,1736,NVIDIA Graphics Device,GP100v2,pascal,none,,,
10de,1737,NVIDIA Graphics Device,GP100v2,pascal,none,,,
10de,1738,NVIDIA Graphics Device,GP100v2,pascal,none,,,
10de,1739,NVIDIA Graphics Device,GP100v2,pascal,none,,,
10de,1b07,NVIDIA P102-100,GP102,pascal,none,,,
10de,1b47,NVIDIA P102-100,GP102,pascal,none,,,
10de,1bc7,NVIDIA P104-090,GP104,pascal,none,,,
10de,1b87,NVIDIA P104-100,GP104,pascal,none,,,
10de,1c09,NVIDIA P106-090,GP106,pascal,none,,,
10de,1c07,NVIDIA P106-100,GP106,pascal,none,,,
10de,15f0,NVIDIA Quadro GP100,GP100v1,pascal,none,,,
10de,1cbb,NVIDIA Quadro P1000,GP107,pascal,unlock,16,16,
10de,1cb1,NVIDIA Quadro P1000,GP107,pascal,unlock,16,16,
10de,1cfb,NVIDIA Quadro P1000,GP107,pascal,unlock,16,16,
10de,1cba,NVIDIA Quadro P2000,GP107,pascal,unlock,16,16,
10de,1cfa,NVIDIA Quadro P2000,GP107,pascal,unlock,16,16,
10de,1c30,NVIDIA Quadro P2000,GP106,pascal,unlock,16,16,
10de,1c35,NVIDIA Quadro P2000 Mobile / DRIVE PX 2 AutoChauffeur,GP106,pascal,unlock,16,16,
10de,1c31,NVIDIA Quadro P2200,GP106,pascal,unlock,16,16,
10de,1bb8,NVIDIA Quadro P3000,GP104,pascal,unlock,16,16,
10de,1bbb,NVIDIA Quadro P3200,GP104,pascal,unlock,16,16,
10de,1cb3,NVIDIA Quadro P400,GP107,pascal,unlock,16,16,
10de,1bb7,NVIDIA Quadro P4000,GP104,pascal,unlock,16,16,
10de,1bb1,NVIDIA Quadro P4000,GP104,pascal,unlock,16,16,
10de,1bb9,NVIDIA Quadro P4200,GP104,pascal,unlock,16,16,
10de,1d33,NVIDIA Quadro P500,GP108,pascal,unlock,16,16,
10de,1bb6,NVIDIA Quadro P5000,GP104,pascal,unlock,16,16,
10de,1bb0,NVIDIA Quadro P5000,GP104,pascal,unlock,16,16,
10de,1d34,NVIDIA Quadro P520,GP108,pascal,unlock,16,16,
10de,1bb5,NVIDIA Quadro P5200,GP104,pascal,unlock,16,16,
10de,1cbc,NVIDIA Quadro P600,GP107,pascal,unlock,16,16,
10de,1cb2,NVIDIA Quadro P600,GP107,pascal,unlock,16,16,
10de,1b30,NVIDIA Quadro P6000,GP102,pascal,unlock,16,16,
10de,1cbd,NVIDIA Quadro P620,GP107,pascal,unlock,16,16,
10de,1cb6,NVIDIA Quadro P620,GP107,pascal,unlock,16,16,
10de,1b00,NVIDIA TITAN X (Pascal),GP102,pascal,none,,,
10de,1b02,NVIDIA TITAN Xp COLLECTORS EDITION,GP102,pascal,none,,,
10de,1b39,NVIDIA Tesla P10,GP102,pascal,unlock,16,16,
10de,15fc,NVIDIA Tesla P100-DGXS-16GB,GP100v1,pascal,none,,,
10de,15f7,NVIDIA Tesla P100-PCIE-12GB,GP100v1,pascal,native,5,16,
10de,15f8,NVIDIA Tesla P100-PCIE-16GB,GP100v1,pascal,native,5,16,
10de,15f9,NVIDIA Tesla P100-SXM2-16GB,GP100v1,pascal,none,,,
10de,1bb3,NVIDIA Tesla P4,GP104,pascal,unlock,16,16,
10de,1b38,NVIDIA Tesla P40,GP102,pascal,native,5,16,
10de,1bb4,NVIDIA Tesla P6,GP104,pascal,unlock,16,16,
10de,2189,NVIDIA CMP 30HX,TU116,turing,none,,,
10de,1f0b,NVIDIA CMP 40HX,TU106,turing,none,,,
10de,1e09,NVIDIA CMP 50HX,TU102,turing,none,,,
10de,1fb0,NVIDIA DGX Display / T1000,TU117,turing,none,,,
10de,1f83,NVIDIA GeForce GTX 1630,TU117,turing,unlock,16,17,
10de,1fd9,NVIDIA GeForce GTX 1650,TU117,turing,unlock,16,17,
10de,1fdd,NVIDIA GeForce GTX 1650,TU117,turing,unlock,16,17,
10de,2188,NVIDIA GeForce GTX 1650,TU116,turing,unlock,16,17,
10de,1f0a,NVIDIA GeForce GTX 1650,TU106,turing,unlock,16,17,
10de,1f82,NVIDIA GeForce GTX 1650,TU117,turing,unlock,16,17,
10de,1f9d,NVIDIA GeForce GTX 1650,TU117,turing,unlock,16,17,
10de,1f91,NVIDIA GeForce GTX 1650,TU117,turing,unlock,16,17,
10de,1f94,NVIDIA GeForce GTX 1650,TU117,turing,unlock,16,17,
10de,1f96,NVIDIA GeForce GTX 1650,TU117,turing,unlock,16,17,
10de,1f99,NVIDIA GeForce GTX 1650,TU117,turing,unlock,16,17,
10de,2187,NVIDIA GeForce GTX 1650 SUPER,TU116,turing,unlock,16,17,
10de,2192,NVIDIA GeForce GTX 1650 Ti,TU116,turing,unlock,16,17,
10de,1f95,NVIDIA GeForce GTX 1650 Ti,TU117,turing,unlock,16,17,
10de,2184,NVIDIA GeForce GTX 1660,TU116,turing,unlock,16,17,
10de,1f09,NVIDIA GeForce GTX 1660 SUPER,TU106,turing,unlock,16,17,
10de,21c4,NVIDIA GeForce GTX 1660 SUPER,TU116,turing,unlock,16,17,
10de,2182,NVIDIA GeForce GTX 1660 Ti,TU116,turing,unlock,16,17,
10de,2191,NVIDIA GeForce GTX 1660 Ti,TU116,turing,unlock,16,17,
10de,21d1,NVIDIA GeForce GTX 1660 Ti,TU116,turing,unlock,16,17,
10de,1eae,NVIDIA GeForce GTX 2080 Engineering Sample,TU104,turing,none,,,
10de,1f9c,NVIDIA GeForce MX450,TU117,turing,none,,,
10de,1f97,NVIDIA GeForce MX450,TU117,turing,none,,,
10de,1f98,NVIDIA GeForce MX450,TU117,turing,none,,,
10de,1f9f,NVIDIA GeForce MX550,TU117,turing,none,,,
10de,1fa0,NVIDIA GeForce MX550,TU117,turing,none,,,
10de,1e37,NVIDIA GeForce Now RTX T10,TU102,turing,none,,,
10de,1f08,NVIDIA GeForce RTX 2060,TU106,turing,unlock,16,17,
10de,1f55,NVIDIA GeForce RTX 2060,TU106,turing,unlock,16,17,
10de,1f51,NVIDIA GeForce RTX 2060,TU106,turing,unlock,16,17,
10de,1e89,NVIDIA GeForce RTX 2060,TU104,turing,unlock,16,17,
10de,1f11,NVIDIA GeForce RTX 2060,TU106,turing,unlock,16,17,
10de,1f12,NVIDIA GeForce RTX 2060,TU106,turing,unlock,16,17,
10de,1f15,NVIDIA GeForce RTX 2060,TU106,turing,unlock,16,17,
10de,1f03,NVIDIA GeForce RTX 2060 12GB,TU106,turing,unlock,16,17,
10de,1f06,NVIDIA GeForce RTX 2060 SUPER,TU106,turing,unlock,16,17,
10de,1f42,NVIDIA GeForce RTX 2060 SUPER,TU106,turing,unlock,16,17,
10de,1f47,NVIDIA GeForce RTX 2060 SUPER,TU106,turing,unlock,16,17,
10de,1f07,NVIDIA GeForce RTX 2070,TU106,turing,unlock,16,17,
10de,1f02,NVIDIA GeForce RTX 2070,TU106,turing,unlock,16,17,
10de,1f54,NVIDIA GeForce RTX 2070,TU106,turing,unlock,16,17,
10de,1f50,NVIDIA GeForce RTX 2070,TU106,turing,unlock,16,17,
10de,1f10,NVIDIA GeForce RTX 2070,TU106,turing,unlock,16,17,
10de,1e84,NVIDIA GeForce RTX 2070 SUPER,TU104,turing,unlock,16,17,
10de,1ec7,NVIDIA GeForce RTX 2070 SUPER,TU104,turing,unlock,16,17,
10de,1ec2,NVIDIA GeForce RTX 2070 SUPER,TU104,turing,unlock,16,17,
10de,1ed1,NVIDIA GeForce RTX 2070 Super,TU104,turing,unlock,16,17,
10de,1e91,NVIDIA GeForce RTX 2070 Super,TU104,turing,unlock,16,17,
10de,1f14,NVIDIA GeForce RTX 2070 with Max-Q Design,TU106,turing,unlock,16,17,
10de,1ed0,NVIDIA GeForce RTX 2080,TU104,turing,unlock,16,17,
10de,1e87,NVIDIA GeForce RTX 2080,TU104,turing,unlock,16,17,
10de,1e82,NVIDIA GeForce RTX 2080,TU104,turing,unlock,16,17,
10de,1e90,NVIDIA GeForce RTX 2080,TU104,turing,unlock,16,17,
10de,1e81,NVIDIA GeForce RTX 2080 SUPER,TU104,turing,unlock,16,17,
10de,1ed3,NVIDIA GeForce RTX 2080 Super,TU104,turing,unlock,16,17,
10de,1e93,NVIDIA GeForce RTX 2080 Super,TU104,turing,unlock,16,17,
10de,1e04,NVIDIA GeForce RTX 2080 Ti,TU102,turing,unlock,16,17,
10de,1e07,NVIDIA GeForce RTX 2080 Ti,TU102,turing,unlock,16,17,
10de,1e03,NVIDIA GeForce RTX 2080 Ti 12GB,TU102,turing,unlock,16,17,
10de,1e2e,NVIDIA GeForce RTX 2080 Ti 12GB Engineering Sample,TU102,turing,unlock,16,17,
10de,1e2d,NVIDIA GeForce RTX 2080 Ti Engineering Sample,TU102,turing,unlock,16,17,
10de,21b0,NVIDIA Graphics Device,TU116,turing,none,,,
10de,1eaf,NVIDIA Graphics Device,TU104,turing,none,,,
10de,1e6d,NVIDIA Graphics Device,TU102,turing,none,,,
10de,1fc3,NVIDIA Graphics Device,TU117,turing,none,,,
10de,1fc2,NVIDIA Graphics Device,TU117,turing,none,,,
10de,1fc1,NVIDIA Graphics Device,TU117,turing,none,,,
10de,21be,NVIDIA Graphics Device,TU116,turing,none,,,
10de,1f04,NVIDIA Graphics Device,TU106,turing,none,,,
10de,1f05,NVIDIA Graphics Device,TU106,turing,none,,,
10de,1f00,NVIDIA Graphics Device,TU106,turing,none,,,
10de,1f01,NVIDIA Graphics Device,TU106,turing,none,,,
10de,1e3f,NVIDIA Graphics Device,TU102,turing,none,,,
10de,1e3b,NVIDIA Graphics Device,TU102,turing,none,,,
10de,1ef9,NVIDIA Graphics Device,TU104,turing,none,,,
10de,1ef8,NVIDIA Graphics Device,TU104,turing,none,,,
10de,1ef1,NVIDIA Graphics Device,TU104,turing,none,,,
10de,1ef0,NVIDIA Graphics Device,TU104,turing,none,,,
10de,1e80,NVIDIA Graphics Device,TU104,turing,none,,,
10de,1efc,NVIDIA Graphics Device,TU104,turing,none,,,
10de,1efb,NVIDIA Graphics Device,TU104,turing,none,,,
10de,1efa,NVIDIA Graphics Device,TU104,turing,none,,,
10de,1eff,NVIDIA Graphics Device,TU104,turing,none,,,
10de,1efe,NVIDIA Graphics Device,TU104,turing,none,,,
10de,2180,NVIDIA Graphics Device,TU116,turing,none,,,
10de,2185,NVIDIA Graphics Device,TU116,turing,none,,,
10de,2186,NVIDIA Graphics Device,TU116,turing,none,,,
10de,1f0c,NVIDIA Graphics Device,TU106,turing,none,,,
10de,1ec4,NVIDIA Graphics Device,TU104,turing,none,,,
10de,1ec9,NVIDIA Graphics Device,TU104,turing,none,,,
10de,1f80,NVIDIA Graphics Device,TU117,turing,none,,,
10de,1e06,NVIDIA Graphics Device,TU102,turing,none,,,
10de,1e00,NVIDIA Graphics Device,TU102,turing,none,,,
10de,1f2f,NVIDIA Graphics Device,TU106,turing,none,,,
10de,21c3,NVIDIA Graphics Device,TU116,turing,none,,,
10de,21c5,NVIDIA Graphics Device,TU116,turing,none,,,
10de,21c7,NVIDIA Graphics Device,TU116,turing,none,,,
10de,21c8,NVIDIA Graphics Device,TU116,turing,none,,,
10de,1e2f,NVIDIA Graphics Device,TU102,turing,none,,,
10de,1eeb,NVIDIA Graphics Device,TU104,turing,none,,,
10de,1fbe,NVIDIA Graphics Device,TU117,turing,none,,,
10de,1ebf,NVIDIA Graphics Device,TU104,turing,none,,,
10de,1ebc,NVIDIA Graphics Device,TU104,turing,none,,,
10de,1ebb,NVIDIA Graphics Device,TU104,turing,none,,,
10de,1f9e,NVIDIA Graphics Device,TU117,turing,none,,,
10de,1e70,NVIDIA Graphics Device,TU102,turing,none,,,
10de,21f0,NVIDIA Graphics Device,TU116,turing,none,,,
10de,1e75,NVIDIA Graphics Device,TU102,turing,none,,,
10de,1e77,NVIDIA Graphics Device,TU102,turing,none,,,
10de,1e7d,NVIDIA Graphics Device,TU102,turing,none,,,
10de,1f93,NVIDIA Graphics Device,TU117,turing,none,,,
10de,1f92,NVIDIA Graphics Device,TU117,turing,none,,,
10de,21af,NVIDIA Graphics Device,TU116,turing,none,,,
10de,1f38,NVIDIA Graphics Device,TU106,turing,none,,,
10de,1f43,NVIDIA Graphics Device,TU106,turing,none,,,
10de,1f41,NVIDIA Graphics Device,TU106,turing,none,,,
10de,1f46,NVIDIA Graphics Device,TU106,turing,none,,,
10de,1f44,NVIDIA Graphics Device,TU106,turing,none,,,
10de,1f45,NVIDIA Graphics Device,TU106,turing,none,,,
10de,1f48,NVIDIA Graphics Device,TU106,turing,none,,,
10de,1f49,NVIDIA Graphics Device,TU106,turing,none,,,
10de,1faf,NVIDIA Graphics Device,TU117,turing,none,,,
10de,1f4c,NVIDIA Graphics Device,TU106,turing,none,,,
10de,1fa1,NVIDIA Graphics Device,TU117,turing,none,,,
10de,1f3f,NVIDIA Graphics Device,TU106,turing,none,,,
10de,1f3e,NVIDIA Graphics Device,TU106,turing,none,,,
10de,1e43,NVIDIA Graphics Device,TU102,turing,none,,,
10de,1e42,NVIDIA Graphics Device,TU102,turing,none,,,
10de,1e44,NVIDIA Graphics Device,TU102,turing,none,,,
10de,1e47,NVIDIA Graphics Device,TU102,turing,none,,,
10de,1e49,NVIDIA Graphics Device,TU102,turing,none,,,
10de,1f76,NVIDIA Quadro RTX 3000,TU106,turing,none,,,
10de,1f36,NVIDIA Quadro RTX 3000,TU106,turing,none,,,
10de,1eb1,NVIDIA Quadro RTX 4000,TU104,turing,none,,,
10de,1eb6,NVIDIA Quadro RTX 4000 with Max-Q Design,TU104,turing,none,,,
10de,1ef5,NVIDIA Quadro RTX 5000,TU104,turing,none,,,
10de,1eb5,NVIDIA Quadro RTX 5000,TU104,turing,none,,,
10de,1eb0,NVIDIA Quadro RTX 5000,TU104,turing,none,,,
10de,1e3c,NVIDIA Quadro RTX 6000,TU102,turing,none,,,
10de,1e36,NVIDIA Quadro RTX 6000,TU102,turing,none,,,
10de,1e30,NVIDIA Quadro RTX 6000/8000,TU102,turing,native,8,17,
10de,1e78,NVIDIA Quadro RTX 6000/8000 (Passive Cooling),TU102,turing,native,10,17,
10de,1ff9,NVIDIA Quadro T1000,TU117,turing,none,,,
10de,1fb9,NVIDIA Quadro T1000,TU117,turing,none,,,
10de,1fb8,NVIDIA Quadro T2000,TU117,turing,none,,,
10de,1fd1,NVIDIA Secondary N18P-G0-MP-A1 (TU117-750-A1),TU117,turing,none,,,
10de,1fd5,NVIDIA Secondary N18P-G62-A1 (TU117-775-A1),TU117,turing,none,,,
10de,1ff0,NVIDIA T1000 8GB,TU117,turing,none,,,
10de,1fbc,NVIDIA T1200 Laptop GPU,TU117,turing,none,,,
10de,1eb9,NVIDIA T4 32GB,TU104,turing,none,,,
10de,1fb2,NVIDIA T400,TU117,turing,none,,,
10de,1ff2,NVIDIA T400 4GB / T400E,TU117,turing,none,,,
10de,1eb4,NVIDIA T4G,TU104,turing,none,,,
10de,1fbb,NVIDIA T500,TU117,turing,none,,,
10de,1fb7,NVIDIA T550 Laptop GPU,TU117,turing,none,,,
10de,1fb1,NVIDIA T600,TU117,turing,none,,,
10de,1fba,NVIDIA T600 Laptop GPU,TU117,turing,none,,,
10de,1fb6,NVIDIA T600 Laptop GPU,TU117,turing,none,,,
10de,1e02,NVIDIA TITAN RTX,TU102,turing,none,,,
10de,1e3d,NVIDIA TU102GL,TU102,turing,none,,,
10de,1e3e,NVIDIA TU102GL,TU102,turing,none,,,
10de,1ebe,NVIDIA TU104GL,TU104,turing,none,,,
10de,1eab,NVIDIA TU104M,TU104,turing,none,,,
10de,1f2e,NVIDIA TU106M,TU106,turing,none,,,
10de,2183,NVIDIA TU116,TU116,turing,none,,,
10de,21c2,NVIDIA TU116,TU116,turing,none,,,
10de,21bf,NVIDIA TU116GL,TU116,turing,none,,,
10de,21ae,NVIDIA TU116GL,TU116,turing,none,,,
10de,1f81,NVIDIA TU117,TU117,turing,none,,,
10de,1fbf,NVIDIA TU117GL,TU117,turing,none,,,
10de,1fae,NVIDIA TU117GL,TU117,turing,none,,,
10de,1eba,NVIDIA Tesla PG189 SKU600,TU104,turing,none,,,
10de,1e35,NVIDIA Tesla T10,TU102,turing,none,,,
10de,1eb8,NVIDIA Tesla T4,TU104,turing,native,7,17,
10de,1e38,NVIDIA Tesla T40,TU102,turing,none,,,
10de,1dc1,NVIDIA CMP 100-200,V100,volta,none,,,
10de,1d83,NVIDIA CMP 100-200,V100,volta,none,,,
10de,1d84,NVIDIA CMP 100-210,V100,volta,none,,,
10de,1dbe,NVIDIA GV100 Engineering Sample,V100,volta,none,,,
10de,1dfd,NVIDIA Graphics Device,V100,volta,none,,,
10de,1dfa,NVIDIA Graphics Device,V100,volta,none,,,
10de,1df8,NVIDIA Graphics Device,V100,volta,none,,,
10de,1df7,NVIDIA Graphics Device,V100,volta,none,,,
10de,1df4,NVIDIA Graphics Device,V100,volta,none,,,
10de,1df3,NVIDIA Graphics Device,V100,volta,none,,,
10de,1df1,NVIDIA Graphics Device,V100,volta,none,,,
10de,1dc2,NVIDIA Graphics Device,V100,volta,none,,,
10de,1d80,NVIDIA Graphics Device,V100,volta,none,,,
10de,1d82,NVIDIA Graphics Device,V100,volta,none,,,
10de,1def,NVIDIA Graphics Device,V100,volta,none,,,
10de,1dee,NVIDIA Graphics Device,V100,volta,none,,,
10de,1dbf,NVIDIA Graphics Device,V100,volta,none,,,
10de,1dba,NVIDIA Quadro GV100 / TITAN V JHH Special Edition,V100,volta,none,,,
10de,1dbd,NVIDIA Tesla GV100 DGX1-V,V100,volta,none,,,
10de,1db0,NVIDIA Tesla GV100 SXM2-16GB SKU 890,V100,volta,none,,,
10de,1df0,NVIDIA Tesla PG500-216,V100,volta,none,,,
10de,1df2,NVIDIA Tesla PG503-216,V100,volta,none,,,
10de,1db2,NVIDIA Tesla V100 DGXS 16GB,V100,volta,none,,,
10de,1db7,NVIDIA Tesla V100-DGXS-32GB,V100,volta,none,,,
10de,1db3,NVIDIA Tesla V100-FHHL-16GB,V100,volta,none,,,
10de,1db4,NVIDIA Tesla V100-PCIE-16GB,V100,volta,native,6,17,
10de,1db6,NVIDIA Tesla V100-PCIE-32GB,V100,volta,native,6,17,
10de,1db1,NVIDIA Tesla V100-SXM2-16GB,V100,volta,none,,,
10de,1db5,NVIDIA Tesla V100-SXM2-32GB,V100,volta,none,,,
10de,1db8,NVIDIA Tesla V100-SXM3-32GB,V100,volta,none,,,
10de,1df5,NVIDIA Tesla V100S-PCIE-16GB,V100,volta,native,6,17,
10de,1df6,NVIDIA Tesla V100S-PCIE-32GB,V100,volta,native,6,17,
10de,1d81,NVIDIA Titan V,V100,volta,none,,,
